email,price,products,date
john.doe@example.com,299.99,Mechanical Keyboard;Gaming Mouse,2025-09-01
jane.smith@example.com,549.5,Gaming Monitor;Mouse Pad,2025-09-02
alex.brown@example.com,1200.0,Graphics Card,2025-09-03
lisa.white@example.com,89.99,External SSD;USB Hub,2025-09-04
michael.green@example.com,749.99,Laptop;Wireless Mouse,2025-09-05
evelyn453@demo.com,121.14,RAM,2025-09-06
charlotte2955@test.com,325.97,Monitor;External HDD;Graphics Card,2025-09-07
elijah4235@example.com,463.42,Webcam;RAM;SSD,2025-09-08
amelia5404@test.com,1398.58,Monitor;Laptop,2025-09-09
emma4098@test.com,1175.72,USB Hub;Monitor;Graphics Card,2025-09-10
isabella3063@example.com,707.9,Wireless Mouse;Webcam,2025-09-11
mia7886@test.com,1325.65,Graphics Card;Laptop,2025-09-12
olivia7951@mail.com,1241.87,Webcam;Wireless Mouse,2025-09-13
evelyn6550@mail.com,1180.53,Wireless Mouse;Gaming Monitor,2025-09-14
evelyn6383@demo.com,1053.82,Laptop;Monitor,2025-09-15
charlotte7599@mail.com,1238.92,RAM;SSD;External SSD,2025-09-16
charlotte2104@demo.com,148.23,Monitor,2025-09-17
lucas5221@demo.com,1298.33,Webcam;USB Cable,2025-09-18
oliver5800@mail.com,523.36,SSD;Gaming Monitor,2025-09-19
evelyn5859@example.com,806.77,Gaming Monitor,2025-09-20
lucas1151@example.com,1246.27,Monitor,2025-09-21
harper4779@mail.com,420.44,Webcam,2025-09-22
jacob8729@test.com,701.42,Monitor,2025-09-23
emma873@example.com,1236.46,Gaming Monitor,2025-09-24
sophia8145@mail.com,550.08,USB Cable;External SSD,2025-09-25
sophia5582@demo.com,1283.18,External SSD;External HDD;Headset,2025-09-26
liam854@example.com,876.85,Laptop,2025-09-27
chloe3212@example.com,1021.91,Graphics Card;External SSD,2025-09-28
amelia7255@test.com,888.23,USB Cable;Laptop,2025-09-29
liam1460@demo.com,1068.95,Headset,2025-09-30
mason8749@demo.com,1057.47,RAM;USB Hub;Mouse Pad,2025-10-01
harper6899@example.com,549.69,Webcam;Wireless Mouse;RAM,2025-10-02
liam705@example.com,634.86,RAM;Mouse Pad,2025-10-03
emma4927@mail.com,1155.6,Laptop;Mouse Pad;External HDD,2025-10-04
mia1104@example.com,789.7,Gaming Monitor;Laptop;RAM,2025-10-05
mason6408@demo.com,507.62,USB Hub;Graphics Card,2025-10-06
jack6479@mail.com,1287.85,Mechanical Keyboard,2025-10-07
oliver509@example.com,848.26,Laptop;Wireless Mouse,2025-10-08
isabella2651@example.com,257.65,RAM;Laptop,2025-10-09
liam1539@example.com,1220.5,External SSD;Mouse Pad,2025-10-10
jacob8823@test.com,1437.64,USB Hub;Mechanical Keyboard,2025-10-11
noah5014@test.com,899.76,Gaming Monitor;Gaming Mouse,2025-10-12
liam8874@mail.com,163.63,External SSD;External HDD;Headset,2025-10-13
olivia7439@mail.com,763.16,Mouse Pad,2025-10-14
mia605@example.com,1051.6,Gaming Mouse;External HDD;RAM,2025-10-15
jacob6394@example.com,1192.43,Laptop;Monitor;Mechanical Keyboard,2025-10-16
harper5000@test.com,1419.95,Headset,2025-10-17
olivia1072@demo.com,443.06,Graphics Card;External HDD,2025-10-18
oliver6954@example.com,502.11,Gaming Monitor;Mechanical Keyboard;Laptop,2025-10-19
jacob2471@example.com,236.55,External HDD;Monitor;SSD,2025-10-20
jacob6999@mail.com,1257.18,Gaming Monitor,2025-10-21
olivia5190@mail.com,1010.8,SSD;USB Cable;Graphics Card,2025-10-22
sophia8176@test.com,325.82,Gaming Monitor;Webcam,2025-10-23
sophia7083@test.com,421.57,Wireless Mouse;Gaming Mouse,2025-10-24
jacob2583@test.com,383.67,Graphics Card,2025-10-25
isabella907@test.com,566.14,Graphics Card;Mouse Pad;Monitor,2025-10-26
amelia7216@example.com,1197.68,Laptop;USB Hub;RAM,2025-10-27
charlotte9716@test.com,663.19,Gaming Monitor;External SSD,2025-10-28
jack849@mail.com,1285.33,RAM,2025-10-29
elijah2989@demo.com,995.44,Graphics Card,2025-10-30
isabella9229@demo.com,1434.38,Graphics Card,2025-10-31
jack8665@mail.com,970.24,Mouse Pad;Webcam;RAM,2025-11-01
emma7996@test.com,967.86,Laptop;USB Cable,2025-11-02
ava5890@test.com,1410.91,USB Hub;Monitor;Mouse Pad,2025-11-03
elijah7961@mail.com,1450.98,Gaming Monitor,2025-11-04
olivia875@mail.com,922.32,Headset;Gaming Mouse;Wireless Mouse,2025-11-05
charlotte711@mail.com,190.81,Laptop,2025-11-06
amelia7380@mail.com,1270.3,Mouse Pad,2025-11-07
jack7828@example.com,1332.39,Wireless Mouse;External SSD,2025-11-08
olivia2771@example.com,501.13,Webcam;SSD,2025-11-09
amelia8857@demo.com,388.07,Mouse Pad;Mechanical Keyboard;External SSD,2025-11-10
chloe4311@test.com,1285.31,Gaming Monitor,2025-11-11
sophia5541@mail.com,129.03,Gaming Monitor;Wireless Mouse,2025-11-12
sophia7529@example.com,902.69,USB Hub;Webcam,2025-11-13
amelia440@demo.com,512.04,Mouse Pad,2025-11-14
logan8225@demo.com,970.7,USB Hub;Webcam;Laptop,2025-11-15
harper3960@mail.com,1232.68,RAM;Wireless Mouse,2025-11-16
isabella3221@mail.com,785.47,Gaming Monitor,2025-11-17
chloe6028@demo.com,663.59,Graphics Card,2025-11-18
noah6087@test.com,508.0,Headset,2025-11-19
emma4795@example.com,841.04,Wireless Mouse,2025-11-20
harper404@example.com,392.03,RAM;Laptop,2025-11-21
isabella3537@test.com,623.42,Webcam;Mouse Pad;Monitor,2025-11-22
isabella8601@example.com,811.74,Wireless Mouse;Graphics Card,2025-11-23
jacob2692@example.com,386.67,USB Cable,2025-11-24
ava7852@test.com,433.84,Webcam;Laptop;Mouse Pad,2025-11-25
charlotte251@test.com,1363.04,Mouse Pad;USB Cable,2025-11-26
isabella6576@example.com,541.51,Gaming Mouse;Mouse Pad;Graphics Card,2025-11-27
emma1804@test.com,702.1,Gaming Monitor;Monitor,2025-11-28
chloe4267@example.com,291.21,External SSD;Graphics Card,2025-11-29
isabella6644@mail.com,694.6,Laptop;Headset;Gaming Monitor,2025-11-30
lucas1815@mail.com,760.73,RAM,2025-12-01
chloe9197@demo.com,668.82,Webcam;Mechanical Keyboard,2025-12-02
oliver7674@demo.com,771.49,Gaming Mouse;Monitor,2025-12-03
harper543@example.com,483.46,USB Cable;Mechanical Keyboard,2025-12-04
harper4679@demo.com,819.95,RAM,2025-12-05
evelyn4200@test.com,434.42,Wireless Mouse;External HDD,2025-12-06
lucas5530@mail.com,205.65,Gaming Monitor;Mouse Pad,2025-12-07
jacob7700@example.com,1151.09,Headset,2025-12-08
mason5901@example.com,284.36,Gaming Monitor;RAM;SSD,2025-12-09
ava8390@mail.com,823.55,RAM;Headset;Laptop,2025-12-10
elijah4249@demo.com,1249.11,Gaming Monitor;RAM,2025-12-11
oliver5229@demo.com,369.22,Headset;Gaming Mouse;Wireless Mouse,2025-12-12
isabella8378@test.com,782.61,SSD;RAM;Gaming Mouse,2025-12-13
ava6696@demo.com,307.24,USB Cable;Webcam,2025-12-14
mason586@example.com,1167.22,USB Hub;External HDD,2025-12-15
jacob7893@test.com,1199.97,Laptop;External HDD,2025-12-16
oliver2622@mail.com,924.25,USB Cable;Wireless Mouse,2025-12-17
sophia1228@mail.com,810.88,Laptop;Mouse Pad,2025-12-18
emma9028@test.com,264.65,Gaming Monitor;USB Cable;RAM,2025-12-19
emma7650@test.com,424.55,Laptop,2025-12-20
elijah5486@demo.com,1408.52,External SSD,2025-12-21
jack7843@example.com,1350.23,USB Cable;External HDD;Gaming Monitor,2025-12-22
olivia9392@example.com,822.24,Graphics Card,2025-12-23
harper9688@test.com,612.79,Gaming Mouse,2025-12-24
evelyn1080@mail.com,944.44,Gaming Monitor,2025-12-25
elijah3501@demo.com,1480.93,USB Hub,2025-12-26
chloe2683@example.com,313.74,Webcam;Mechanical Keyboard,2025-12-27
noah8597@test.com,806.3,Mouse Pad,2025-12-28
amelia9654@mail.com,1040.67,External HDD;USB Cable,2025-12-29
mia3494@test.com,152.46,Graphics Card,2025-12-30
evelyn1017@example.com,967.44,Headset,2025-12-31
sophia9048@demo.com,102.21,USB Cable,2026-01-01
emma9478@mail.com,1185.22,External HDD,2026-01-02
oliver2427@mail.com,1437.84,USB Cable,2026-01-03
evelyn4241@test.com,164.69,Mouse Pad;Laptop;Graphics Card,2026-01-04
logan7466@demo.com,307.37,USB Cable;External SSD;USB Hub,2026-01-05
elijah1248@test.com,1198.0,Mechanical Keyboard,2026-01-06
evelyn2081@test.com,1085.87,Mechanical Keyboard;USB Cable,2026-01-07
jack716@test.com,568.11,Graphics Card;Mouse Pad;External SSD,2026-01-08
emma4790@demo.com,1287.37,Wireless Mouse,2026-01-09
isabella2370@example.com,1476.85,Mechanical Keyboard;Mouse Pad;External HDD,2026-01-10
logan4649@mail.com,324.71,Laptop;Gaming Mouse;Graphics Card,2026-01-11
emma9029@mail.com,1177.29,External HDD,2026-01-12
mia4734@example.com,921.32,Mouse Pad,2026-01-13
jacob9633@example.com,860.31,External HDD,2026-01-14
emma3001@mail.com,456.46,Webcam;Monitor,2026-01-15
sophia8727@test.com,299.33,Monitor;Webcam,2026-01-16
emma3748@demo.com,956.7,External SSD,2026-01-17
evelyn2623@example.com,1140.51,Webcam;RAM;Mechanical Keyboard,2026-01-18
charlotte1069@example.com,477.59,Headset,2026-01-19
logan4761@example.com,1100.19,SSD;Mechanical Keyboard,2026-01-20
oliver5167@test.com,198.5,Headset;External SSD,2026-01-21
logan6947@test.com,479.88,Webcam;Gaming Mouse,2026-01-22
ava9508@test.com,1174.63,Laptop,2026-01-23
harper4767@example.com,1049.79,RAM,2026-01-24
jacob8814@test.com,863.02,RAM,2026-01-25
olivia3705@test.com,1241.02,Monitor,2026-01-26
noah9200@mail.com,1151.37,Monitor;Wireless Mouse;SSD,2026-01-27
harper6149@example.com,1316.05,Mechanical Keyboard;Mouse Pad;Laptop,2026-01-28
logan8373@test.com,217.65,Wireless Mouse;External SSD,2026-01-29
olivia3518@test.com,1259.99,Graphics Card;SSD,2026-01-30
mason7857@demo.com,1042.2,Gaming Monitor;RAM,2026-01-31
olivia9167@test.com,775.41,External HDD;Laptop;Graphics Card,2026-02-01
jacob6859@mail.com,1035.29,Headset,2026-02-02
isabella1932@example.com,429.42,Graphics Card;Laptop,2026-02-03
liam2316@example.com,519.32,Monitor;Mouse Pad;USB Cable,2026-02-04
lucas9675@example.com,481.25,Mechanical Keyboard,2026-02-05
harper6541@demo.com,838.78,Monitor;Webcam;USB Hub,2026-02-06
emma7484@test.com,1073.37,Gaming Mouse;External HDD;Graphics Card,2026-02-07
mason2491@test.com,431.96,Gaming Mouse,2026-02-08
mia3129@example.com,113.71,Graphics Card;Mechanical Keyboard;USB Cable,2026-02-09
jacob5449@example.com,1218.53,Mechanical Keyboard,2026-02-10
liam8816@mail.com,227.19,USB Cable;External SSD,2026-02-11
ava9294@test.com,1433.02,Mouse Pad;External HDD;Gaming Mouse,2026-02-12
ava5721@demo.com,572.15,Gaming Monitor;Mechanical Keyboard,2026-02-13
evelyn5796@mail.com,262.03,RAM;USB Cable,2026-02-14
lucas7798@test.com,112.05,Monitor;USB Hub,2026-02-15
elijah6756@test.com,446.15,Laptop;RAM,2026-02-16
olivia7382@mail.com,770.82,Graphics Card,2026-02-17
liam5138@mail.com,223.06,Mouse Pad,2026-02-18
lucas89@mail.com,194.53,SSD,2026-02-19
logan3745@test.com,1373.79,Monitor,2026-02-20
emma9719@example.com,95.89,Gaming Monitor;Wireless Mouse,2026-02-21
logan4695@demo.com,1213.25,USB Hub,2026-02-22
emma2548@mail.com,1127.51,Webcam,2026-02-23
sophia3720@test.com,1080.24,Gaming Monitor;SSD;External HDD,2026-02-24
olivia1733@example.com,641.45,Gaming Monitor,2026-02-25
sophia1649@test.com,968.69,External HDD,2026-02-26
olivia9021@mail.com,388.64,Monitor;External SSD,2026-02-27
oliver9665@example.com,661.15,Gaming Monitor;Laptop;Gaming Mouse,2026-02-28
isabella3443@demo.com,1480.21,USB Hub,2026-03-01
noah4807@test.com,1206.97,USB Hub;USB Cable;External SSD,2026-03-02
chloe9426@example.com,976.13,Headset,2026-03-03
jacob2815@mail.com,192.6,Mechanical Keyboard;RAM,2026-03-04
emma2752@example.com,827.64,Webcam,2026-03-05
harper3626@mail.com,374.87,Mouse Pad;Headset;Mechanical Keyboard,2026-03-06
liam3507@test.com,317.62,Gaming Monitor;External SSD;Gaming Mouse,2026-03-07
mason8693@example.com,342.0,Monitor,2026-03-08
harper1171@demo.com,409.91,USB Hub,2026-03-09
jacob5619@demo.com,423.79,Monitor;Headset,2026-03-10
logan9280@example.com,156.09,External HDD,2026-03-11
sophia9601@mail.com,1450.03,Mechanical Keyboard;Graphics Card,2026-03-12
amelia3950@mail.com,51.31,Graphics Card;Mechanical Keyboard;Wireless Mouse,2026-03-13
sophia4565@example.com,1334.33,External HDD;Wireless Mouse;Graphics Card,2026-03-14
emma6235@example.com,307.53,Webcam;Mechanical Keyboard,2026-03-15
lucas917@test.com,1370.0,SSD;Gaming Monitor,2026-03-16
chloe8857@demo.com,1257.77,Graphics Card;Mechanical Keyboard;External SSD,2026-03-17
logan8294@demo.com,1197.56,External HDD;SSD,2026-03-18
chloe3959@test.com,217.56,USB Cable;Wireless Mouse;RAM,2026-03-19
mia8394@example.com,939.4,Wireless Mouse;Laptop;Graphics Card,2026-03-20
elijah3040@demo.com,1082.34,Wireless Mouse;Laptop,2026-03-21
emma8726@test.com,1405.36,Webcam;USB Hub;Mechanical Keyboard,2026-03-22
mason3922@example.com,1264.36,USB Cable,2026-03-23
chloe3422@mail.com,1307.57,External HDD;Gaming Monitor;Webcam,2026-03-24
ava5384@test.com,1058.95,Laptop,2026-03-25
evelyn5536@test.com,466.25,SSD;Laptop,2026-03-26
chloe8166@test.com,1202.13,Mechanical Keyboard,2026-03-27
noah5997@test.com,92.37,Wireless Mouse,2026-03-28
harper1487@demo.com,246.67,RAM,2026-03-29
chloe8910@mail.com,1225.5,Mouse Pad;Webcam,2026-03-30
olivia5593@mail.com,419.27,RAM;Headset,2026-03-31
liam4023@example.com,977.55,Mouse Pad;Wireless Mouse,2026-04-01
olivia9923@example.com,97.87,USB Cable,2026-04-02
elijah7569@example.com,617.0,Laptop;SSD;Gaming Monitor,2026-04-03
isabella3079@test.com,1426.09,Mouse Pad;Graphics Card;Headset,2026-04-04
sophia9161@example.com,528.99,Webcam;USB Cable;Monitor,2026-04-05
elijah6094@example.com,351.45,USB Hub;Mechanical Keyboard;Monitor,2026-04-06
noah689@test.com,1431.51,Headset;External HDD;Monitor,2026-04-07
noah5516@example.com,167.42,RAM;Wireless Mouse;USB Cable,2026-04-08
logan9099@test.com,983.97,USB Hub,2026-04-09
charlotte1411@demo.com,793.93,Gaming Monitor;Mechanical Keyboard,2026-04-10
logan6401@test.com,362.69,Wireless Mouse;Gaming Monitor,2026-04-11
mia6048@example.com,227.5,Headset,2026-04-12
elijah3853@demo.com,277.39,Mechanical Keyboard;Wireless Mouse;Graphics Card,2026-04-13
lucas5649@example.com,657.18,USB Hub;Mechanical Keyboard,2026-04-14
noah1599@test.com,724.51,USB Cable;Gaming Monitor;USB Hub,2026-04-15
olivia2470@demo.com,572.1,External SSD;Mouse Pad;SSD,2026-04-16
ava4016@example.com,1135.6,Gaming Mouse;External HDD,2026-04-17
harper8734@demo.com,942.54,Graphics Card;Monitor;External HDD,2026-04-18
mason54@mail.com,1439.38,Laptop,2026-04-19
jack7842@test.com,1037.8,Mouse Pad;External SSD,2026-04-20
lucas885@example.com,433.32,Mouse Pad;Laptop;Mechanical Keyboard,2026-04-21
evelyn8000@example.com,1105.71,External SSD;External HDD;Wireless Mouse,2026-04-22
liam812@mail.com,150.77,Wireless Mouse,2026-04-23
elijah6877@example.com,641.47,Gaming Monitor;External HDD;SSD,2026-04-24
isabella9370@demo.com,278.43,Gaming Monitor;Graphics Card,2026-04-25
charlotte9868@demo.com,811.69,Monitor,2026-04-26
jack2470@mail.com,1454.3,Headset,2026-04-27
ava6719@demo.com,618.17,External SSD;RAM;Mechanical Keyboard,2026-04-28
mia2042@test.com,1069.62,External SSD;Monitor,2026-04-29
oliver8229@example.com,162.27,Graphics Card;Wireless Mouse,2026-04-30
jacob6550@example.com,962.84,External HDD;Gaming Monitor,2026-05-01
sophia3689@test.com,1343.79,Mechanical Keyboard,2026-05-02
ava5937@example.com,863.25,USB Hub,2026-05-03
logan1798@example.com,1061.1,RAM;Gaming Monitor;Webcam,2026-05-04
oliver5666@demo.com,909.39,RAM;Graphics Card;Laptop,2026-05-05
logan3931@example.com,125.88,SSD,2026-05-06
oliver3212@test.com,1447.43,Monitor;Webcam,2026-05-07
elijah5023@example.com,817.97,External SSD,2026-05-08
chloe4254@demo.com,676.71,Mechanical Keyboard;Gaming Monitor,2026-05-09
liam2157@mail.com,251.71,SSD,2026-05-10
mia6644@test.com,822.64,RAM;USB Cable;Monitor,2026-05-11
elijah9580@demo.com,674.69,Headset;USB Hub,2026-05-12
oliver333@demo.com,975.7,Monitor;SSD;USB Hub,2026-05-13
oliver3815@demo.com,1345.44,Mechanical Keyboard,2026-05-14
olivia520@test.com,1050.01,Monitor,2026-05-15
harper9038@demo.com,1369.15,Graphics Card,2026-05-16
mia3607@demo.com,215.24,Gaming Mouse;Laptop;Mechanical Keyboard,2026-05-17
chloe9236@example.com,1488.19,Mechanical Keyboard;SSD;External SSD,2026-05-18
evelyn8760@demo.com,1034.86,SSD;Mouse Pad;Graphics Card,2026-05-19
amelia8387@test.com,574.11,RAM;USB Hub;Headset,2026-05-20
isabella1328@example.com,912.26,Mouse Pad,2026-05-21
ava7926@demo.com,1499.2,Mechanical Keyboard,2026-05-22
chloe2662@mail.com,477.2,USB Hub,2026-05-23
oliver9170@test.com,605.33,Gaming Mouse;Laptop;External SSD,2026-05-24
oliver4327@demo.com,1421.12,Gaming Mouse;Laptop;Graphics Card,2026-05-25
isabella4805@mail.com,1383.03,Laptop;USB Hub,2026-05-26
lucas7233@demo.com,246.66,Gaming Mouse,2026-05-27
olivia3757@test.com,908.4,Headset,2026-05-28
oliver1966@demo.com,158.31,Laptop,2026-05-29
logan562@mail.com,620.8,Webcam;External SSD,2026-05-30
noah3394@example.com,716.36,Monitor;External HDD;Mechanical Keyboard,2026-05-31
harper6378@example.com,1050.62,Wireless Mouse;Headset,2026-06-01
mia5025@mail.com,934.78,External SSD,2026-06-02
oliver8443@test.com,766.9,Gaming Mouse,2026-06-03
jacob6321@test.com,440.98,Mouse Pad;Wireless Mouse,2026-06-04
chloe4858@demo.com,1490.54,Gaming Monitor,2026-06-05
isabella8642@mail.com,199.29,Gaming Mouse,2026-06-06
liam528@mail.com,1448.56,Wireless Mouse,2026-06-07
jack7416@demo.com,520.57,RAM;Gaming Mouse;Graphics Card,2026-06-08
mia582@mail.com,587.16,Graphics Card;USB Cable;Mechanical Keyboard,2026-06-09
evelyn5486@demo.com,1478.71,Mechanical Keyboard;SSD,2026-06-10
chloe7255@test.com,1382.12,SSD,2026-06-11
emma9176@example.com,821.35,Monitor,2026-06-12
liam2543@demo.com,204.71,External SSD;USB Cable;SSD,2026-06-13
sophia4408@test.com,1037.91,Mechanical Keyboard;Headset,2026-06-14
logan452@demo.com,1351.49,Gaming Monitor;Laptop;Monitor,2026-06-15
mia7185@test.com,170.12,Gaming Mouse;Laptop;USB Hub,2026-06-16
mia7347@test.com,1286.08,USB Cable;Wireless Mouse,2026-06-17
amelia6438@example.com,422.03,Mechanical Keyboard,2026-06-18
sophia7416@example.com,731.06,Mouse Pad;External HDD;Gaming Monitor,2026-06-19
mia7711@test.com,1256.98,SSD,2026-06-20
jacob160@mail.com,130.12,External HDD,2026-06-21
chloe4677@test.com,1490.36,Headset;Webcam;Monitor,2026-06-22
jacob9120@test.com,1374.56,Gaming Mouse;SSD,2026-06-23
lucas6430@example.com,1245.96,Wireless Mouse,2026-06-24
harper7035@demo.com,591.87,External SSD,2026-06-25
harper9080@example.com,513.97,Laptop;Gaming Mouse,2026-06-26
sophia8066@test.com,179.45,External SSD;Headset;Webcam,2026-06-27
jacob703@mail.com,923.08,External HDD;Laptop;Monitor,2026-06-28
jack1713@test.com,300.04,Gaming Monitor;USB Cable,2026-06-29
noah8241@test.com,238.1,Wireless Mouse;USB Hub,2026-06-30
chloe9454@example.com,1198.08,Laptop;Gaming Mouse;Gaming Monitor,2026-07-01
sophia9321@mail.com,499.86,RAM,2026-07-02
oliver4610@mail.com,446.31,External HDD;External SSD,2026-07-03
noah1298@test.com,1369.89,Graphics Card;Webcam;SSD,2026-07-04
jacob969@test.com,1399.54,Mouse Pad;USB Cable;SSD,2026-07-05
sophia6794@demo.com,841.02,Mechanical Keyboard,2026-07-06
ava8127@demo.com,253.83,USB Hub,2026-07-07
amelia3615@mail.com,728.72,Laptop;Mouse Pad;Wireless Mouse,2026-07-08
emma4575@demo.com,1413.88,Laptop;Wireless Mouse,2026-07-09
ava2699@mail.com,1148.34,Gaming Monitor,2026-07-10
isabella6306@example.com,989.23,Headset;Gaming Monitor;RAM,2026-07-11
jack2576@test.com,743.79,RAM;Laptop;Wireless Mouse,2026-07-12
amelia9268@example.com,829.49,Gaming Monitor,2026-07-13
chloe8681@demo.com,479.91,Mouse Pad,2026-07-14
jacob7959@mail.com,1090.95,Gaming Mouse;Laptop,2026-07-15
amelia8662@demo.com,1048.44,RAM;Mechanical Keyboard,2026-07-16
evelyn9488@test.com,1196.84,Mechanical Keyboard;External HDD;Headset,2026-07-17
sophia1418@mail.com,784.85,Laptop;Webcam;Graphics Card,2026-07-18
olivia4794@demo.com,1447.82,USB Hub;USB Cable,2026-07-19
noah6477@test.com,579.41,Wireless Mouse;USB Hub,2026-07-20
elijah3777@mail.com,561.22,Graphics Card;Headset,2026-07-21
elijah3124@test.com,1284.86,Monitor;SSD;Laptop,2026-07-22
olivia2033@mail.com,575.09,Wireless Mouse,2026-07-23
elijah2147@example.com,812.17,Webcam,2026-07-24
chloe6556@demo.com,932.7,Mechanical Keyboard;Gaming Monitor;Gaming Mouse,2026-07-25
liam8991@test.com,379.07,Gaming Mouse;Gaming Monitor;Mouse Pad,2026-07-26
emma1460@test.com,965.95,Graphics Card;Laptop,2026-07-27
ava4025@example.com,163.7,External SSD;Mechanical Keyboard,2026-07-28
logan2575@mail.com,758.76,RAM,2026-07-29
oliver3150@test.com,950.74,Mouse Pad,2026-07-30
lucas6349@example.com,1178.78,External SSD,2026-07-31
chloe8101@demo.com,733.8,Laptop;Gaming Monitor,2026-08-01
evelyn9025@demo.com,796.5,External SSD;SSD;Wireless Mouse,2026-08-02
chloe2856@demo.com,1005.12,Laptop;Monitor;Mouse Pad,2026-08-03
liam4806@test.com,65.18,Graphics Card;Gaming Monitor,2026-08-04
mia1152@example.com,1166.58,RAM,2026-08-05
harper595@example.com,1494.96,Webcam,2026-08-06
harper5197@example.com,1007.94,SSD,2026-08-07
harper4661@demo.com,606.05,External HDD;Gaming Mouse;Monitor,2026-08-08
olivia4015@mail.com,881.25,Gaming Monitor;USB Hub;Mechanical Keyboard,2026-08-09
liam9381@demo.com,555.44,Mechanical Keyboard,2026-08-10
harper2283@demo.com,947.55,USB Cable;Laptop;Mouse Pad,2026-08-11
noah852@mail.com,1288.13,USB Cable;USB Hub,2026-08-12
elijah3439@mail.com,1277.75,Wireless Mouse;USB Cable,2026-08-13
evelyn846@demo.com,1190.92,Gaming Monitor;USB Hub,2026-08-14
mia4816@test.com,108.58,Webcam;USB Hub,2026-08-15
harper8846@demo.com,1406.95,External SSD,2026-08-16
ava7550@test.com,788.91,Laptop;External HDD,2026-08-17
jack2892@test.com,1111.95,USB Cable;Gaming Monitor;SSD,2026-08-18
elijah3610@mail.com,483.27,RAM;External HDD;Gaming Mouse,2026-08-19
mason1402@example.com,512.79,Laptop;USB Hub,2026-08-20
mia1388@test.com,464.02,Webcam;SSD;Laptop,2026-08-21
charlotte7278@mail.com,1154.3,RAM;Laptop;Graphics Card,2026-08-22
jacob4286@test.com,1251.17,Webcam;Mechanical Keyboard,2026-08-23
lucas2308@demo.com,1418.06,Webcam;Gaming Mouse,2026-08-24
logan5577@demo.com,1399.51,Mouse Pad;Headset,2026-08-25
sophia7533@example.com,1421.48,Graphics Card,2026-08-26
amelia8817@example.com,629.93,Wireless Mouse;USB Cable,2026-08-27
oliver2160@mail.com,920.88,USB Hub;Mouse Pad,2026-08-28
noah8171@example.com,1008.65,External HDD,2026-08-29
sophia5886@test.com,1349.34,Wireless Mouse;RAM;Graphics Card,2026-08-30
isabella2059@example.com,1339.73,External HDD;USB Cable;Headset,2026-08-31
emma4557@demo.com,483.57,USB Hub,2026-09-01
evelyn3865@demo.com,227.18,Monitor;Mouse Pad,2026-09-02
sophia8109@test.com,330.73,Gaming Mouse,2026-09-03
oliver7711@demo.com,347.94,Gaming Monitor;Mechanical Keyboard,2026-09-04
noah2647@mail.com,845.32,External SSD,2026-09-05
mason5873@example.com,730.25,Graphics Card;Mechanical Keyboard;USB Cable,2026-09-06
chloe4683@test.com,605.89,Headset,2026-09-07
elijah8348@example.com,1466.08,External SSD,2026-09-08
noah5845@demo.com,937.14,Mechanical Keyboard;External SSD;Webcam,2026-09-09
noah7132@mail.com,961.02,Headset;Mouse Pad,2026-09-10
mason4053@example.com,1242.07,Webcam;External HDD;SSD,2026-09-11
mason1964@example.com,285.17,Headset;Monitor,2026-09-12
charlotte7424@mail.com,1153.1,Mechanical Keyboard;Graphics Card;USB Hub,2026-09-13
liam9620@demo.com,551.41,Webcam;Mechanical Keyboard,2026-09-14
chloe9215@test.com,292.91,SSD,2026-09-15
logan7384@demo.com,373.38,Wireless Mouse,2026-09-16
amelia5926@demo.com,1331.54,External SSD,2026-09-17
olivia6345@test.com,688.57,Wireless Mouse,2026-09-18
chloe8337@demo.com,898.86,SSD,2026-09-19
jacob8577@test.com,1225.13,External SSD;Headset,2026-09-20
mason87@example.com,181.24,USB Hub;SSD,2026-09-21
mason1130@demo.com,181.36,SSD;USB Hub,2026-09-22
logan810@demo.com,1488.06,Webcam,2026-09-23
isabella4557@test.com,820.06,SSD;Gaming Mouse,2026-09-24
evelyn7927@mail.com,415.19,Gaming Monitor;RAM;External SSD,2026-09-25
jack1276@example.com,776.21,Laptop,2026-09-26
oliver7662@mail.com,378.03,Laptop;Headset,2026-09-27
mason5269@mail.com,537.66,External HDD,2026-09-28
olivia9680@example.com,1350.87,SSD,2026-09-29
charlotte2621@example.com,1492.16,Laptop,2026-09-30
charlotte9018@mail.com,789.33,Gaming Monitor,2026-10-01
lucas8058@demo.com,489.16,External HDD;Monitor;Headset,2026-10-02
liam6444@test.com,936.57,USB Hub,2026-10-03
harper1851@example.com,112.31,SSD;Headset,2026-10-04
harper9686@test.com,889.35,Headset;Gaming Mouse;Gaming Monitor,2026-10-05
harper8725@example.com,265.59,Monitor;External SSD;Gaming Monitor,2026-10-06
noah2981@example.com,688.5,Gaming Mouse;RAM,2026-10-07
logan9086@example.com,332.82,RAM,2026-10-08
mason6498@mail.com,1122.9,Webcam;Laptop,2026-10-09
jack6633@demo.com,827.45,External HDD;Monitor,2026-10-10
lucas8568@mail.com,560.37,Webcam;Mechanical Keyboard,2026-10-11
mia6781@test.com,369.86,Webcam,2026-10-12
mason1393@example.com,1488.13,USB Cable;Headset;Webcam,2026-10-13
evelyn6701@test.com,312.8,Wireless Mouse;External SSD;RAM,2026-10-14
evelyn2087@test.com,119.44,External SSD;Monitor;USB Hub,2026-10-15
oliver5044@example.com,258.63,Gaming Mouse;SSD;Mechanical Keyboard,2026-10-16
ava8663@example.com,734.62,External HDD;Mechanical Keyboard,2026-10-17
jacob2312@example.com,1138.33,Wireless Mouse;RAM,2026-10-18
mia1691@mail.com,371.38,Graphics Card;Gaming Mouse,2026-10-19
lucas7917@example.com,505.65,Gaming Mouse;USB Cable,2026-10-20
charlotte5644@test.com,860.94,Webcam;External SSD,2026-10-21
ava5792@demo.com,313.77,External HDD,2026-10-22
evelyn5997@example.com,1148.48,Mechanical Keyboard;Monitor,2026-10-23
charlotte8231@example.com,374.55,Headset,2026-10-24
jacob4561@mail.com,1173.13,Wireless Mouse;Headset,2026-10-25
emma4121@demo.com,104.17,Monitor;Graphics Card;Mechanical Keyboard,2026-10-26
noah112@example.com,1266.19,Gaming Mouse;External HDD,2026-10-27
harper5337@test.com,180.5,External SSD;Headset,2026-10-28
mia311@mail.com,60.6,Mouse Pad,2026-10-29
jack9199@example.com,214.84,Headset;USB Cable;Webcam,2026-10-30
mia6540@demo.com,107.69,Graphics Card,2026-10-31
chloe1292@mail.com,1240.89,Headset;Gaming Mouse;RAM,2026-11-01
ava6645@mail.com,167.13,Webcam,2026-11-02
sophia5894@test.com,1364.6,Gaming Monitor;USB Cable,2026-11-03
chloe3832@example.com,776.15,USB Hub;Monitor;Gaming Monitor,2026-11-04
jack5944@mail.com,1276.51,Webcam;Graphics Card,2026-11-05
jack1996@test.com,635.3,Gaming Monitor,2026-11-06
noah2901@example.com,1309.05,Monitor,2026-11-07
harper5897@demo.com,676.1,External SSD,2026-11-08
ava8257@test.com,762.95,Wireless Mouse,2026-11-09
elijah1944@example.com,122.42,Mouse Pad;Mechanical Keyboard,2026-11-10
logan7888@mail.com,1009.11,SSD;USB Hub,2026-11-11
oliver737@test.com,1414.79,Webcam;External HDD;USB Hub,2026-11-12
sophia159@example.com,134.67,Graphics Card;Mechanical Keyboard;Headset,2026-11-13
liam9932@mail.com,158.67,USB Hub,2026-11-14
amelia2063@mail.com,552.77,Laptop;Monitor,2026-11-15
isabella5560@test.com,536.67,Mechanical Keyboard;USB Hub;SSD,2026-11-16
charlotte8506@demo.com,436.68,Monitor,2026-11-17
jack8950@demo.com,1400.95,Gaming Monitor,2026-11-18
logan3554@example.com,796.22,Gaming Mouse;Mechanical Keyboard;Monitor,2026-11-19
emma2959@example.com,1249.28,Monitor,2026-11-20
liam2060@test.com,174.25,Headset;SSD,2026-11-21
sophia7012@test.com,536.72,External HDD,2026-11-22
liam2435@example.com,1185.17,Wireless Mouse;USB Hub;SSD,2026-11-23
emma7233@example.com,823.31,USB Cable;Graphics Card,2026-11-24
harper9263@test.com,1000.09,USB Cable,2026-11-25
emma3402@example.com,332.72,USB Hub,2026-11-26
elijah3434@mail.com,1311.03,External SSD,2026-11-27
sophia7609@example.com,940.88,Wireless Mouse,2026-11-28
mia7248@mail.com,1255.91,Wireless Mouse;Monitor,2026-11-29
noah8714@mail.com,665.12,USB Cable,2026-11-30
lucas2919@demo.com,1025.77,Laptop;Headset;Wireless Mouse,2026-12-01
chloe5258@demo.com,207.86,Monitor;Laptop,2026-12-02
isabella4063@mail.com,811.31,Headset,2026-12-03
jack990@mail.com,351.94,RAM,2026-12-04
amelia2364@test.com,706.43,Gaming Mouse,2026-12-05
mason7421@example.com,461.72,Mechanical Keyboard,2026-12-06
olivia612@mail.com,833.15,Graphics Card;Webcam,2026-12-07
isabella2013@example.com,699.18,RAM;Mechanical Keyboard;External SSD,2026-12-08
elijah579@demo.com,1289.65,Wireless Mouse;Laptop;USB Cable,2026-12-09
charlotte2714@example.com,372.64,SSD;Laptop;Mouse Pad,2026-12-10
elijah944@test.com,359.47,External SSD;USB Hub;Mechanical Keyboard,2026-12-11
isabella5027@test.com,836.5,External SSD;Graphics Card;Gaming Mouse,2026-12-12
oliver3849@test.com,408.33,SSD,2026-12-13
oliver6557@demo.com,265.13,Gaming Mouse;USB Cable;USB Hub,2026-12-14
isabella4391@example.com,1198.64,Mechanical Keyboard;USB Cable;Wireless Mouse,2026-12-15
chloe5520@test.com,230.53,Gaming Mouse;SSD;External SSD,2026-12-16
harper186@example.com,1495.35,Gaming Monitor;External SSD;SSD,2026-12-17
isabella2197@demo.com,138.37,Monitor;Headset;Gaming Mouse,2026-12-18
mia4912@example.com,339.1,Mechanical Keyboard,2026-12-19
sophia2531@example.com,427.6,Mouse Pad;External HDD,2026-12-20
noah6900@demo.com,246.13,USB Cable;Gaming Monitor,2026-12-21
amelia6509@example.com,265.21,USB Hub;RAM;Webcam,2026-12-22
noah7630@test.com,869.4,Headset,2026-12-23
amelia8346@example.com,93.92,Mechanical Keyboard,2026-12-24
isabella1844@example.com,78.19,Laptop;USB Hub,2026-12-25
jacob4686@mail.com,1316.23,Webcam;Headset,2026-12-26
elijah4273@test.com,130.46,Wireless Mouse;External SSD,2026-12-27
liam1382@test.com,501.91,Headset;Mechanical Keyboard;USB Hub,2026-12-28
mia4341@mail.com,543.51,SSD;USB Cable;External SSD,2026-12-29
oliver9727@test.com,1446.22,External HDD;Graphics Card;Mouse Pad,2026-12-30
jacob6362@example.com,1288.81,Headset,2026-12-31
oliver9746@mail.com,624.29,Laptop,2027-01-01
amelia8647@demo.com,164.58,Gaming Mouse;Laptop,2027-01-02
amelia5629@mail.com,951.88,Gaming Monitor;Monitor;Headset,2027-01-03
elijah6249@example.com,326.91,Monitor;Graphics Card,2027-01-04
olivia1289@mail.com,1163.86,RAM;Monitor,2027-01-05
elijah3954@demo.com,110.03,Laptop;Headset,2027-01-06
liam924@test.com,1452.55,USB Hub;SSD;Gaming Monitor,2027-01-07
evelyn577@demo.com,906.12,Mechanical Keyboard,2027-01-08
liam7069@test.com,1334.04,External SSD,2027-01-09
noah4110@demo.com,579.17,Gaming Mouse,2027-01-10
noah8254@mail.com,525.8,Mechanical Keyboard;Webcam,2027-01-11
amelia6375@test.com,582.19,Mechanical Keyboard,2027-01-12
elijah8446@test.com,56.53,USB Hub,2027-01-13
sophia9129@test.com,704.0,SSD;RAM;Mouse Pad,2027-01-14
mason5504@example.com,952.34,Monitor,2027-01-15
mason1581@demo.com,528.86,Monitor;External SSD;Laptop,2027-01-16
isabella2222@example.com,686.19,External HDD;Gaming Monitor,2027-01-17
charlotte8914@demo.com,731.52,Webcam,2027-01-18
ava5383@example.com,1413.42,Monitor;Gaming Mouse,2027-01-19
chloe4708@example.com,420.05,Wireless Mouse,2027-01-20
olivia9763@mail.com,1360.76,RAM;Monitor;Laptop,2027-01-21
emma6622@demo.com,872.13,Headset;Gaming Monitor;Webcam,2027-01-22
lucas3662@test.com,1032.65,Gaming Monitor;External SSD,2027-01-23
noah6431@mail.com,1195.76,USB Hub,2027-01-24
liam3851@test.com,1087.54,Mouse Pad,2027-01-25
oliver403@test.com,1236.31,Mouse Pad;External SSD;Laptop,2027-01-26
ava8431@demo.com,802.38,Wireless Mouse,2027-01-27
jacob9887@test.com,1462.14,Wireless Mouse;External HDD;Monitor,2027-01-28
logan1595@demo.com,199.16,USB Hub;Mouse Pad;External HDD,2027-01-29
mia3530@test.com,373.5,Mouse Pad;USB Hub,2027-01-30
sophia2210@mail.com,955.65,Mouse Pad;RAM;Wireless Mouse,2027-01-31
lucas6218@test.com,411.56,Gaming Mouse;RAM;Mouse Pad,2027-02-01
noah441@test.com,1466.61,Monitor,2027-02-02
noah117@mail.com,966.24,USB Hub;Wireless Mouse;Graphics Card,2027-02-03
charlotte6860@demo.com,1454.22,External SSD,2027-02-04
ava5844@test.com,499.03,Headset,2027-02-05
isabella8818@test.com,795.63,USB Cable,2027-02-06
olivia8576@demo.com,937.37,Gaming Monitor;Gaming Mouse,2027-02-07
charlotte5385@demo.com,747.52,Webcam;Headset;Gaming Mouse,2027-02-08
noah2741@demo.com,397.33,Mechanical Keyboard;USB Cable;Wireless Mouse,2027-02-09
elijah9113@test.com,1088.63,Mechanical Keyboard,2027-02-10
jacob5957@mail.com,348.69,Gaming Monitor;Laptop;Gaming Mouse,2027-02-11
harper6829@example.com,516.51,RAM;Mouse Pad;Mechanical Keyboard,2027-02-12
ava6328@mail.com,468.88,Gaming Mouse,2027-02-13
noah3430@demo.com,647.06,Laptop,2027-02-14
ava1676@test.com,1494.37,External HDD,2027-02-15
liam5522@mail.com,1366.04,Laptop;Mouse Pad,2027-02-16
lucas1322@example.com,1008.29,Mouse Pad,2027-02-17
logan1510@mail.com,978.39,Headset,2027-02-18
harper4683@example.com,895.09,Wireless Mouse;Mechanical Keyboard;RAM,2027-02-19
charlotte2059@mail.com,1018.66,Mouse Pad,2027-02-20
sophia4569@example.com,768.84,Monitor;Gaming Mouse,2027-02-21
chloe731@mail.com,165.01,Graphics Card,2027-02-22
noah9110@test.com,981.04,Gaming Mouse;Mouse Pad,2027-02-23
isabella803@demo.com,315.94,Laptop,2027-02-24
harper125@mail.com,1444.04,Gaming Mouse;USB Cable,2027-02-25
mason1982@mail.com,1432.44,Mechanical Keyboard;External SSD,2027-02-26
chloe5456@mail.com,1227.14,SSD;Gaming Monitor;Graphics Card,2027-02-27
isabella4465@demo.com,72.41,External HDD,2027-02-28
oliver4807@test.com,837.95,Gaming Mouse;Laptop;SSD,2027-03-01
noah3305@example.com,1353.55,USB Cable,2027-03-02
charlotte4341@mail.com,1045.35,SSD;Laptop,2027-03-03
mia1028@mail.com,1399.09,Wireless Mouse;External SSD;Mouse Pad,2027-03-04
jacob5487@mail.com,917.57,USB Hub;Mechanical Keyboard;RAM,2027-03-05
emma921@mail.com,757.34,Headset;Monitor,2027-03-06
mason3836@test.com,999.19,USB Cable,2027-03-07
chloe1651@test.com,1143.43,Monitor;Laptop,2027-03-08
oliver9623@test.com,1354.62,Gaming Mouse;RAM;USB Hub,2027-03-09
charlotte2535@test.com,677.63,SSD;Laptop,2027-03-10
charlotte3363@demo.com,343.59,External SSD;Gaming Mouse;Monitor,2027-03-11
oliver8823@example.com,1088.88,External SSD;Graphics Card,2027-03-12
lucas2820@mail.com,1099.84,Mechanical Keyboard,2027-03-13
logan4860@test.com,370.51,Laptop;Headset,2027-03-14
lucas4409@mail.com,470.34,Laptop,2027-03-15
mason7375@mail.com,1236.34,SSD,2027-03-16
noah3510@mail.com,724.59,Headset,2027-03-17
ava364@test.com,1196.26,Mouse Pad;Gaming Mouse;External SSD,2027-03-18
emma8793@test.com,791.99,USB Hub;Mechanical Keyboard;Gaming Mouse,2027-03-19
ava9434@example.com,903.36,Mouse Pad;Gaming Mouse,2027-03-20
liam8748@demo.com,102.45,Monitor,2027-03-21
olivia7462@mail.com,369.35,RAM;Wireless Mouse,2027-03-22
harper6956@test.com,1258.47,Gaming Monitor;RAM;Gaming Mouse,2027-03-23
mason3954@demo.com,997.88,Laptop;Webcam,2027-03-24
mason6663@demo.com,1090.92,Graphics Card;Headset;Webcam,2027-03-25
sophia6126@test.com,573.82,USB Hub,2027-03-26
mia5556@example.com,79.15,Webcam;Wireless Mouse,2027-03-27
isabella223@example.com,138.08,Mechanical Keyboard;Mouse Pad,2027-03-28
liam5167@demo.com,1080.68,Gaming Mouse;Monitor;Laptop,2027-03-29
emma6041@mail.com,818.66,Gaming Monitor,2027-03-30
logan8710@example.com,811.55,External SSD;Webcam;USB Hub,2027-03-31
mia6426@test.com,1089.59,External SSD,2027-04-01
lucas4327@example.com,395.38,Gaming Mouse;USB Hub;Laptop,2027-04-02
chloe9081@example.com,1079.12,Mechanical Keyboard;Webcam;Gaming Mouse,2027-04-03
elijah9361@mail.com,879.63,Mouse Pad;Mechanical Keyboard;USB Hub,2027-04-04
mia9598@mail.com,863.63,Wireless Mouse,2027-04-05
oliver6905@test.com,603.02,USB Hub;Mechanical Keyboard;RAM,2027-04-06
oliver9370@mail.com,1218.24,USB Hub;Mechanical Keyboard,2027-04-07
lucas7276@demo.com,567.08,RAM;External HDD,2027-04-08
emma5325@example.com,1320.46,Graphics Card;External SSD,2027-04-09
charlotte8937@mail.com,1446.76,Laptop;Graphics Card;Gaming Monitor,2027-04-10
mason264@mail.com,681.15,Mouse Pad,2027-04-11
jacob5894@example.com,351.09,USB Cable;Laptop;USB Hub,2027-04-12
ava1362@mail.com,422.97,USB Cable;Webcam,2027-04-13
lucas1815@test.com,1085.96,External SSD,2027-04-14
evelyn5164@demo.com,692.73,RAM;Wireless Mouse,2027-04-15
harper655@demo.com,1013.71,Monitor;Gaming Monitor,2027-04-16
noah626@example.com,783.3,USB Hub;Mechanical Keyboard,2027-04-17
harper840@example.com,129.48,Monitor;Mechanical Keyboard,2027-04-18
oliver430@example.com,1094.8,Gaming Monitor;Graphics Card;Gaming Mouse,2027-04-19
elijah545@mail.com,67.25,Headset;SSD;Laptop,2027-04-20
emma3956@test.com,792.69,USB Hub,2027-04-21
isabella9550@test.com,231.58,Gaming Mouse;External HDD;USB Cable,2027-04-22
jacob6442@demo.com,1105.05,USB Cable;Wireless Mouse,2027-04-23
jack5370@mail.com,174.28,USB Cable;Wireless Mouse,2027-04-24
jacob7960@demo.com,1115.54,SSD;USB Hub;Gaming Mouse,2027-04-25
amelia8296@example.com,1404.52,Laptop;Wireless Mouse;Gaming Mouse,2027-04-26
emma4122@test.com,1170.81,External HDD;Gaming Monitor,2027-04-27
evelyn2358@demo.com,519.03,Mechanical Keyboard;Mouse Pad,2027-04-28
noah3419@mail.com,209.86,Laptop;External SSD;Wireless Mouse,2027-04-29
logan4834@mail.com,1334.25,Mechanical Keyboard;External SSD;External HDD,2027-04-30
ava7178@mail.com,653.67,Webcam,2027-05-01
jack7058@demo.com,397.22,SSD;Gaming Mouse,2027-05-02
jacob7110@example.com,497.22,Headset,2027-05-03
liam4959@mail.com,383.63,Graphics Card;USB Hub,2027-05-04
mason7327@demo.com,467.84,RAM;Headset,2027-05-05
amelia7094@mail.com,1225.58,USB Hub;Graphics Card,2027-05-06
mason5363@example.com,1235.1,Laptop,2027-05-07
isabella3149@test.com,1426.08,USB Hub;Graphics Card;SSD,2027-05-08
amelia6460@example.com,792.58,USB Hub,2027-05-09
noah1006@example.com,947.97,External HDD;Wireless Mouse;Mouse Pad,2027-05-10
charlotte5448@example.com,1172.32,Gaming Mouse;Graphics Card,2027-05-11
elijah2688@test.com,955.3,Laptop;Wireless Mouse;Webcam,2027-05-12
jacob5159@test.com,1400.04,External HDD;USB Cable;RAM,2027-05-13
oliver9374@test.com,161.97,Monitor,2027-05-14
lucas1797@example.com,1444.61,External HDD,2027-05-15
sophia3244@mail.com,1008.07,External HDD,2027-05-16
elijah246@example.com,495.04,Headset;Mechanical Keyboard,2027-05-17
isabella3404@mail.com,342.27,Gaming Mouse,2027-05-18
chloe8481@test.com,388.03,USB Hub;USB Cable;Mouse Pad,2027-05-19
jacob4003@mail.com,485.35,USB Cable;Graphics Card;External HDD,2027-05-20
olivia3709@demo.com,729.24,Wireless Mouse,2027-05-21
amelia387@mail.com,254.81,Gaming Monitor;Headset;Monitor,2027-05-22
noah3434@example.com,828.59,Headset;USB Cable;SSD,2027-05-23
mia7307@example.com,247.13,Headset;Gaming Mouse,2027-05-24
isabella6045@test.com,146.64,External HDD,2027-05-25
jacob4568@mail.com,742.57,Gaming Monitor;Graphics Card,2027-05-26
elijah5713@example.com,1123.13,Laptop;Mechanical Keyboard,2027-05-27
jacob7512@test.com,233.23,Headset;Gaming Mouse;RAM,2027-05-28
mia4536@test.com,1302.05,Graphics Card,2027-05-29
liam7210@test.com,1206.6,SSD;Mechanical Keyboard;External HDD,2027-05-30
lucas1811@mail.com,714.53,Graphics Card;Mechanical Keyboard,2027-05-31
evelyn1615@example.com,386.04,External HDD;SSD,2027-06-01
mia8483@test.com,505.38,Headset;Wireless Mouse,2027-06-02
lucas4533@demo.com,995.41,USB Hub;External HDD;Webcam,2027-06-03
oliver5714@demo.com,196.42,Gaming Monitor;Mouse Pad;External SSD,2027-06-04
olivia7084@test.com,513.35,Mechanical Keyboard;RAM,2027-06-05
harper8059@mail.com,1427.36,External SSD;USB Hub,2027-06-06
evelyn9055@example.com,115.39,External SSD;Mechanical Keyboard,2027-06-07
liam5008@example.com,1095.42,RAM;External HDD,2027-06-08
mia1681@test.com,514.57,SSD;USB Cable;Headset,2027-06-09
charlotte4999@example.com,697.6,USB Cable,2027-06-10
noah979@demo.com,1377.86,SSD,2027-06-11
oliver7174@example.com,276.22,Monitor;SSD;Mouse Pad,2027-06-12
sophia396@demo.com,85.53,Mechanical Keyboard;Wireless Mouse;SSD,2027-06-13
sophia3569@demo.com,384.62,Webcam,2027-06-14
oliver4167@demo.com,361.57,External SSD;Wireless Mouse,2027-06-15
emma2895@mail.com,1001.48,External HDD,2027-06-16
mia8598@mail.com,451.54,External HDD,2027-06-17
lucas4322@test.com,1456.69,External SSD,2027-06-18
logan3728@demo.com,969.88,USB Cable;Mouse Pad,2027-06-19
oliver395@demo.com,220.83,Monitor,2027-06-20
logan5745@example.com,657.83,RAM,2027-06-21
logan9448@mail.com,356.9,SSD;Mechanical Keyboard,2027-06-22
logan2537@demo.com,490.2,Mouse Pad,2027-06-23
jack5951@mail.com,193.16,Gaming Mouse;Webcam;Gaming Monitor,2027-06-24
mia8330@mail.com,191.01,Laptop;Monitor,2027-06-25
logan1575@example.com,1474.39,External HDD,2027-06-26
logan5485@example.com,1087.71,RAM;Monitor;External HDD,2027-06-27
logan6674@demo.com,774.93,Headset;RAM,2027-06-28
oliver6148@test.com,52.52,Laptop;RAM,2027-06-29
jack6365@mail.com,564.45,Monitor,2027-06-30
emma5321@example.com,54.13,USB Hub;Wireless Mouse;Monitor,2027-07-01
amelia8251@example.com,324.51,Wireless Mouse,2027-07-02
amelia857@mail.com,1126.05,Headset;External HDD,2027-07-03
sophia2265@example.com,966.37,Mouse Pad;RAM,2027-07-04
logan1684@example.com,597.51,Graphics Card;Headset,2027-07-05
emma6675@example.com,1347.41,Mechanical Keyboard;Mouse Pad,2027-07-06
ava8379@mail.com,598.7,External HDD;USB Cable,2027-07-07
jack9423@demo.com,435.74,RAM;Monitor;Webcam,2027-07-08
ava7932@test.com,900.94,Laptop;Wireless Mouse,2027-07-09
emma2867@test.com,264.2,Gaming Monitor,2027-07-10
sophia5468@mail.com,482.56,Headset;Gaming Monitor,2027-07-11
amelia951@example.com,377.19,USB Cable;Headset;SSD,2027-07-12
mia161@mail.com,875.24,Gaming Mouse;Gaming Monitor,2027-07-13
liam6135@example.com,186.46,Wireless Mouse;Mechanical Keyboard;Gaming Mouse,2027-07-14
mia6244@test.com,762.28,Graphics Card,2027-07-15
logan4284@test.com,552.87,RAM;Mechanical Keyboard,2027-07-16
olivia3752@mail.com,960.09,Graphics Card;Gaming Monitor;USB Cable,2027-07-17
harper9380@example.com,184.46,Wireless Mouse,2027-07-18
oliver5473@mail.com,1193.18,Mechanical Keyboard;External SSD,2027-07-19
oliver9988@test.com,437.98,USB Cable,2027-07-20
evelyn1524@demo.com,401.18,External HDD;Webcam;SSD,2027-07-21
sophia7642@test.com,741.47,External HDD,2027-07-22
mason8080@example.com,1236.12,Gaming Monitor;Mechanical Keyboard;Webcam,2027-07-23
logan1473@example.com,1420.17,Gaming Mouse;Graphics Card,2027-07-24
ava5224@mail.com,196.51,Wireless Mouse;External SSD,2027-07-25
elijah2160@mail.com,529.89,External SSD,2027-07-26
logan7756@example.com,1062.53,Gaming Mouse,2027-07-27
isabella5292@example.com,1066.16,External SSD,2027-07-28
chloe9286@test.com,1181.12,Laptop;External HDD,2027-07-29
mia6255@example.com,1333.35,Gaming Mouse;Gaming Monitor,2027-07-30
amelia6253@mail.com,605.41,USB Cable,2027-07-31
jack5015@mail.com,1235.06,Webcam,2027-08-01
isabella2780@demo.com,305.14,External HDD;Mechanical Keyboard;SSD,2027-08-02
emma8520@mail.com,288.12,RAM;Mouse Pad;SSD,2027-08-03
ava7510@example.com,99.7,Gaming Mouse;Mechanical Keyboard;Monitor,2027-08-04
isabella9511@test.com,662.67,USB Cable,2027-08-05
jacob6135@example.com,817.26,Graphics Card;Wireless Mouse,2027-08-06
mason7616@demo.com,1466.46,Laptop;USB Cable;External SSD,2027-08-07
logan8010@example.com,591.55,Headset;RAM,2027-08-08
harper6961@mail.com,950.22,Monitor,2027-08-09
oliver6828@mail.com,604.5,Laptop;USB Cable,2027-08-10
sophia68@example.com,1220.38,Monitor,2027-08-11
logan1320@example.com,839.81,Headset;USB Cable,2027-08-12
mia7603@demo.com,1072.94,Monitor;Mechanical Keyboard,2027-08-13
liam3086@mail.com,1086.83,External HDD;Mechanical Keyboard;Monitor,2027-08-14
mason2882@mail.com,206.12,Monitor;USB Cable;Webcam,2027-08-15
jack8515@mail.com,990.67,Mechanical Keyboard,2027-08-16
emma5799@mail.com,1282.73,Laptop;External HDD;Gaming Mouse,2027-08-17
oliver8711@mail.com,1072.21,Wireless Mouse;USB Cable,2027-08-18
emma3146@demo.com,1267.46,Headset;USB Cable;SSD,2027-08-19
charlotte9085@demo.com,727.13,Wireless Mouse,2027-08-20
liam9961@test.com,642.21,External SSD;Laptop;Mechanical Keyboard,2027-08-21
olivia7583@example.com,900.57,Gaming Monitor;Mechanical Keyboard,2027-08-22
liam1111@mail.com,1203.9,USB Cable;USB Hub;Mouse Pad,2027-08-23
ava4045@test.com,1023.86,RAM,2027-08-24
oliver1390@example.com,813.81,Wireless Mouse;External HDD,2027-08-25
isabella5085@example.com,607.13,Mechanical Keyboard;Graphics Card,2027-08-26
mia252@test.com,1489.88,Monitor;Laptop,2027-08-27
harper9528@demo.com,953.06,Webcam;Mouse Pad;Laptop,2027-08-28
charlotte4392@test.com,472.38,Gaming Monitor,2027-08-29
amelia1989@test.com,993.19,Mechanical Keyboard;USB Hub,2027-08-30
mia1090@example.com,84.84,Gaming Monitor;USB Hub,2027-08-31
isabella1186@demo.com,1238.44,External SSD;SSD,2027-09-01
emma1842@example.com,327.21,RAM;Webcam;Mouse Pad,2027-09-02
elijah8856@demo.com,1398.59,Webcam;Monitor;External SSD,2027-09-03
isabella8879@demo.com,499.82,Mechanical Keyboard,2027-09-04
jack8488@demo.com,829.3,RAM;Headset;Mechanical Keyboard,2027-09-05
evelyn9488@demo.com,177.44,External HDD;Graphics Card,2027-09-06
chloe2458@example.com,1270.43,SSD;RAM;Gaming Mouse,2027-09-07
mason2647@demo.com,614.75,Mechanical Keyboard;Laptop,2027-09-08
emma1503@mail.com,1244.48,USB Hub;SSD,2027-09-09
oliver2286@demo.com,643.01,Graphics Card;Headset,2027-09-10
ava8571@test.com,1121.7,RAM;Webcam;External SSD,2027-09-11
lucas5723@mail.com,1390.49,USB Hub;Webcam;USB Cable,2027-09-12
harper8054@demo.com,64.44,Mouse Pad,2027-09-13
amelia4750@demo.com,956.59,RAM,2027-09-14
liam5546@mail.com,586.66,Wireless Mouse;External SSD,2027-09-15
mia3167@mail.com,68.47,Gaming Monitor;Gaming Mouse,2027-09-16
evelyn3361@test.com,1054.09,USB Cable;Laptop;Webcam,2027-09-17
harper441@example.com,745.07,SSD;Gaming Monitor;USB Cable,2027-09-18
lucas4942@mail.com,1420.18,SSD,2027-09-19
jacob8403@test.com,961.35,Gaming Mouse;Monitor,2027-09-20
liam4630@demo.com,714.06,SSD;USB Cable,2027-09-21
elijah3880@example.com,512.66,USB Cable;USB Hub;Laptop,2027-09-22
jack7188@mail.com,1148.67,Gaming Monitor;Wireless Mouse;SSD,2027-09-23
sophia9117@test.com,1138.08,RAM,2027-09-24
isabella9965@example.com,997.44,Monitor,2027-09-25
evelyn2245@mail.com,535.05,USB Hub;Monitor;Webcam,2027-09-26
ava3121@mail.com,1116.03,SSD;USB Hub,2027-09-27
noah5501@test.com,851.41,SSD;Graphics Card;Mouse Pad,2027-09-28
noah5953@mail.com,100.03,Headset;Gaming Mouse;Laptop,2027-09-29
oliver559@demo.com,74.93,Laptop;USB Hub,2027-09-30
chloe2944@mail.com,359.07,Mechanical Keyboard;Monitor;USB Hub,2027-10-01
jacob4136@test.com,1328.87,External HDD,2027-10-02
ava8218@demo.com,134.31,Mouse Pad,2027-10-03
charlotte9112@test.com,1268.02,SSD;Gaming Mouse,2027-10-04
charlotte604@example.com,288.81,Gaming Monitor,2027-10-05
liam5956@test.com,1271.56,Mechanical Keyboard;External SSD,2027-10-06
amelia6140@demo.com,1423.36,Monitor,2027-10-07
mason8049@test.com,1066.91,Webcam;Monitor;Mouse Pad,2027-10-08
elijah8022@example.com,584.71,USB Hub,2027-10-09
lucas7393@mail.com,372.16,Gaming Monitor;SSD,2027-10-10
amelia8592@demo.com,523.17,USB Hub;RAM;SSD,2027-10-11
logan9426@mail.com,858.89,Gaming Mouse;External SSD;USB Cable,2027-10-12
jack8269@demo.com,1087.94,Monitor,2027-10-13
isabella9844@mail.com,560.35,Webcam,2027-10-14
charlotte8142@demo.com,735.67,Headset;Graphics Card,2027-10-15
noah2802@demo.com,192.75,Mechanical Keyboard;Monitor,2027-10-16
mason7605@mail.com,269.78,USB Hub,2027-10-17
amelia2489@test.com,997.37,USB Hub;Mouse Pad,2027-10-18
charlotte9121@test.com,1455.29,Wireless Mouse,2027-10-19
amelia4498@demo.com,593.45,SSD;Mouse Pad;RAM,2027-10-20
mason6786@test.com,335.24,Monitor;Webcam;Graphics Card,2027-10-21
liam5873@mail.com,664.83,Graphics Card;SSD;Wireless Mouse,2027-10-22
harper128@example.com,79.86,Gaming Mouse,2027-10-23
lucas2588@test.com,234.34,Wireless Mouse;USB Hub,2027-10-24
chloe7369@demo.com,561.89,RAM;Gaming Monitor;Wireless Mouse,2027-10-25
harper9239@example.com,1439.12,USB Cable;Graphics Card;Laptop,2027-10-26
jack3720@test.com,648.4,Gaming Mouse,2027-10-27
amelia8625@mail.com,652.16,SSD;USB Cable;Gaming Mouse,2027-10-28
amelia6084@example.com,801.68,Gaming Mouse,2027-10-29
amelia9268@example.com,1118.24,Mechanical Keyboard,2027-10-30
oliver671@mail.com,378.65,Mechanical Keyboard,2027-10-31
sophia7317@mail.com,1369.33,Graphics Card;USB Cable,2027-11-01
jacob3904@test.com,466.02,USB Cable;External SSD;Mouse Pad,2027-11-02
mia4497@test.com,1150.26,Headset,2027-11-03
olivia7376@test.com,1398.97,Gaming Monitor,2027-11-04
isabella9076@test.com,564.05,Laptop;External SSD,2027-11-05
oliver7458@demo.com,456.74,Mechanical Keyboard,2027-11-06
jacob9946@example.com,1365.57,RAM,2027-11-07
evelyn7615@example.com,1112.03,Wireless Mouse;Graphics Card,2027-11-08
elijah2892@mail.com,397.94,Monitor;SSD;USB Cable,2027-11-09
ava6375@test.com,1471.37,USB Cable;Gaming Monitor;Laptop,2027-11-10
liam5261@mail.com,619.34,USB Cable;SSD;External HDD,2027-11-11
jacob793@example.com,1343.01,Webcam;RAM,2027-11-12
liam8059@demo.com,1128.42,Laptop;Gaming Monitor;USB Cable,2027-11-13
liam7938@test.com,327.93,Mechanical Keyboard,2027-11-14
charlotte1276@demo.com,281.77,Gaming Mouse;External HDD;USB Cable,2027-11-15
lucas8146@mail.com,1301.41,Mouse Pad;Headset,2027-11-16
mason5365@mail.com,1415.78,Laptop;Wireless Mouse;Mouse Pad,2027-11-17
ava8007@test.com,1088.4,Graphics Card;Gaming Monitor;Mechanical Keyboard,2027-11-18
isabella8445@mail.com,1062.42,Gaming Monitor,2027-11-19
liam1413@mail.com,998.59,External HDD,2027-11-20
jack8266@test.com,1062.05,External HDD;Monitor;Gaming Monitor,2027-11-21
lucas2661@mail.com,970.24,Gaming Mouse,2027-11-22
noah697@demo.com,761.54,Monitor;External SSD,2027-11-23
mia6198@mail.com,791.29,Headset;Gaming Mouse;External SSD,2027-11-24
ava366@test.com,825.3,Mouse Pad;Graphics Card;External SSD,2027-11-25
mason1306@demo.com,337.98,Headset,2027-11-26
jack40@demo.com,454.61,USB Hub;Gaming Mouse;Wireless Mouse,2027-11-27
elijah6337@test.com,1277.94,USB Hub;Wireless Mouse,2027-11-28
emma9802@demo.com,475.51,SSD,2027-11-29
mason2518@example.com,894.14,Mechanical Keyboard;Gaming Monitor,2027-11-30
harper1932@mail.com,946.64,Mechanical Keyboard;Headset;Gaming Monitor,2027-12-01
emma1795@example.com,367.16,Headset,2027-12-02
charlotte4433@example.com,1225.41,Webcam,2027-12-03
sophia4351@demo.com,994.33,USB Hub,2027-12-04
isabella2695@test.com,766.02,Monitor,2027-12-05
elijah1051@test.com,1212.83,Gaming Monitor,2027-12-06
amelia3477@demo.com,1329.45,Monitor;Mouse Pad,2027-12-07
mia2345@mail.com,110.62,RAM;Mechanical Keyboard;External HDD,2027-12-08
isabella2560@test.com,344.62,Graphics Card,2027-12-09
logan7043@example.com,354.64,Webcam;Graphics Card;External HDD,2027-12-10
lucas3858@example.com,1030.36,External SSD;External HDD;Headset,2027-12-11
liam4237@demo.com,832.96,Webcam;SSD;Gaming Monitor,2027-12-12
amelia3115@test.com,437.48,External HDD;Mouse Pad;Mechanical Keyboard,2027-12-13
emma6865@mail.com,76.54,USB Cable;Gaming Mouse,2027-12-14
jacob1894@test.com,654.9,SSD;Wireless Mouse,2027-12-15
mia8594@example.com,1462.49,Mouse Pad;USB Hub,2027-12-16
oliver8403@example.com,652.61,External HDD;Graphics Card;Laptop,2027-12-17
evelyn5504@example.com,1408.79,RAM;Headset;USB Hub,2027-12-18
isabella6393@demo.com,1070.91,USB Hub;Webcam;SSD,2027-12-19
logan4256@demo.com,408.99,External SSD;Monitor;Mechanical Keyboard,2027-12-20
emma9809@demo.com,902.09,USB Hub,2027-12-21
lucas1944@test.com,836.18,RAM;USB Cable,2027-12-22
lucas3067@demo.com,1167.08,Webcam;Laptop,2027-12-23
isabella6193@demo.com,1481.96,Graphics Card;SSD;USB Cable,2027-12-24
olivia7169@example.com,718.2,Gaming Monitor;Laptop,2027-12-25
jack8971@demo.com,674.97,Headset,2027-12-26
isabella7954@example.com,303.56,External HDD,2027-12-27
evelyn4398@test.com,1100.47,Wireless Mouse,2027-12-28
sophia101@mail.com,375.87,USB Hub;Wireless Mouse,2027-12-29
harper1151@demo.com,1133.54,Laptop;Gaming Mouse;SSD,2027-12-30
amelia7664@example.com,565.28,External HDD;Gaming Mouse;Mechanical Keyboard,2027-12-31
mason2540@test.com,1156.12,SSD;Monitor,2028-01-01
jacob4737@demo.com,1143.08,USB Hub;External SSD;RAM,2028-01-02
charlotte3921@demo.com,1155.71,Laptop;Gaming Mouse;Graphics Card,2028-01-03
logan6582@test.com,989.92,Mouse Pad;External SSD;External HDD,2028-01-04
jacob2625@test.com,1069.15,USB Hub;Gaming Monitor,2028-01-05
charlotte9049@test.com,386.28,USB Cable,2028-01-06
emma733@example.com,720.82,Graphics Card,2028-01-07
noah8564@mail.com,977.94,SSD;Monitor;External SSD,2028-01-08
logan2881@mail.com,729.36,Wireless Mouse;Laptop,2028-01-09
chloe9760@demo.com,1013.68,Mouse Pad;USB Cable;Wireless Mouse,2028-01-10
amelia7684@demo.com,1308.11,Webcam,2028-01-11
lucas6260@test.com,308.16,Gaming Mouse,2028-01-12
mia846@test.com,1260.17,Mechanical Keyboard;External HDD,2028-01-13
noah239@demo.com,637.98,Wireless Mouse;SSD,2028-01-14
mason5433@demo.com,606.47,Gaming Mouse;Mouse Pad,2028-01-15
jacob1683@test.com,519.43,External SSD;RAM,2028-01-16
jack4115@demo.com,553.66,Mechanical Keyboard;Wireless Mouse,2028-01-17
lucas5928@test.com,1106.67,USB Hub,2028-01-18
emma1538@test.com,248.19,Gaming Mouse;USB Hub;Gaming Monitor,2028-01-19
liam5511@example.com,1279.06,RAM,2028-01-20
emma4201@mail.com,912.18,Wireless Mouse;Monitor;External HDD,2028-01-21
logan829@demo.com,542.72,USB Cable;External HDD,2028-01-22
sophia5901@demo.com,236.75,Wireless Mouse,2028-01-23
mia2938@example.com,1089.06,RAM;SSD;Webcam,2028-01-24
elijah4429@mail.com,1304.71,Headset;Mechanical Keyboard;Mouse Pad,2028-01-25
isabella5989@test.com,1207.31,Webcam;Monitor;SSD,2028-01-26
chloe807@demo.com,323.98,RAM,2028-01-27
olivia8330@mail.com,1479.54,Headset;Mouse Pad,2028-01-28
ava1022@example.com,953.08,Gaming Mouse,2028-01-29
isabella8718@demo.com,633.82,Mechanical Keyboard;Mouse Pad,2028-01-30
mason826@test.com,1406.57,USB Hub;External SSD,2028-01-31
lucas2540@test.com,195.25,External SSD;USB Cable,2028-02-01
evelyn2649@test.com,859.51,Gaming Mouse;Monitor;USB Cable,2028-02-02
mia6178@mail.com,389.22,Headset;SSD,2028-02-03
ava6541@demo.com,309.47,Monitor,2028-02-04
oliver1701@example.com,1466.17,RAM,2028-02-05
mia9669@test.com,1355.05,Graphics Card;Webcam;Mechanical Keyboard,2028-02-06
elijah2525@demo.com,197.13,Gaming Monitor,2028-02-07
ava416@test.com,1331.77,Monitor,2028-02-08
lucas5419@test.com,392.3,SSD,2028-02-09
lucas9204@mail.com,341.01,Mechanical Keyboard;External SSD;Gaming Monitor,2028-02-10
chloe5799@test.com,674.73,Mechanical Keyboard;Gaming Mouse,2028-02-11
sophia1313@mail.com,588.35,Gaming Mouse,2028-02-12
mia9034@demo.com,885.46,Gaming Mouse,2028-02-13
oliver6455@mail.com,450.8,RAM,2028-02-14
elijah1677@test.com,1325.91,USB Cable;Wireless Mouse,2028-02-15
logan2994@demo.com,69.12,Wireless Mouse,2028-02-16
elijah1795@test.com,1360.87,External HDD;Gaming Mouse;USB Cable,2028-02-17
noah825@demo.com,1359.88,USB Cable,2028-02-18
isabella8699@mail.com,520.91,RAM;Gaming Mouse;SSD,2028-02-19
amelia8821@test.com,1059.94,SSD,2028-02-20
noah5898@example.com,412.48,Graphics Card;Wireless Mouse,2028-02-21
chloe6393@test.com,907.93,Monitor,2028-02-22
liam5996@demo.com,951.22,RAM,2028-02-23
jack4696@demo.com,1058.52,External HDD;Mechanical Keyboard;USB Hub,2028-02-24
sophia7585@example.com,1328.13,Wireless Mouse;Gaming Monitor,2028-02-25
ava2076@demo.com,711.69,Laptop,2028-02-26
evelyn4983@demo.com,367.08,Gaming Monitor;RAM,2028-02-27
isabella9738@mail.com,145.91,Laptop,2028-02-28
amelia9661@demo.com,234.39,Webcam;External SSD;Gaming Mouse,2028-02-29
harper6478@test.com,684.07,External HDD;Graphics Card;External SSD,2028-03-01
oliver6851@test.com,1487.73,Wireless Mouse;Graphics Card;Mechanical Keyboard,2028-03-02
ava4141@demo.com,719.83,Gaming Monitor,2028-03-03
olivia1906@test.com,1436.72,SSD,2028-03-04
evelyn27@example.com,1244.91,Headset;Mechanical Keyboard;Graphics Card,2028-03-05
logan5820@demo.com,1156.15,Mechanical Keyboard,2028-03-06
emma4714@test.com,639.93,Mouse Pad;USB Cable,2028-03-07
chloe1827@demo.com,842.93,SSD,2028-03-08
logan7884@test.com,1355.36,Headset;External SSD,2028-03-09
liam2585@example.com,1087.25,SSD,2028-03-10
charlotte9682@test.com,1121.68,External SSD;Monitor,2028-03-11
mia1214@example.com,214.65,USB Cable;Monitor,2028-03-12
ava7223@example.com,526.36,Graphics Card,2028-03-13
olivia9084@mail.com,906.6,RAM;Wireless Mouse,2028-03-14
isabella2619@mail.com,1314.16,Monitor,2028-03-15
emma997@mail.com,1378.8,Mouse Pad,2028-03-16
jack591@mail.com,171.55,Mouse Pad,2028-03-17
isabella3562@example.com,977.68,Wireless Mouse;SSD;Headset,2028-03-18
lucas3164@test.com,919.71,RAM,2028-03-19
logan6251@example.com,158.96,External SSD;Gaming Monitor,2028-03-20
ava5886@test.com,764.22,Mouse Pad;RAM;Webcam,2028-03-21
oliver5201@mail.com,1488.02,SSD;External SSD;Laptop,2028-03-22
isabella7957@test.com,954.59,Monitor;Gaming Monitor;Graphics Card,2028-03-23
mason7223@example.com,144.81,Wireless Mouse;RAM;SSD,2028-03-24
ava7053@test.com,899.93,Mechanical Keyboard;Monitor;Mouse Pad,2028-03-25
mason5543@mail.com,1359.74,External SSD,2028-03-26
sophia831@test.com,485.65,USB Cable;Headset,2028-03-27
ava8880@mail.com,1091.04,Gaming Monitor;External HDD,2028-03-28
jacob2553@demo.com,481.77,Graphics Card;Gaming Monitor;RAM,2028-03-29
oliver13@test.com,954.78,Monitor;External SSD;Webcam,2028-03-30
mason8149@mail.com,1141.63,External SSD,2028-03-31
charlotte8033@example.com,241.25,Wireless Mouse;Webcam,2028-04-01
sophia8410@test.com,1059.73,Monitor,2028-04-02
evelyn9993@mail.com,1286.63,Laptop;External HDD;Mechanical Keyboard,2028-04-03
chloe815@example.com,1389.05,External HDD;SSD;Gaming Monitor,2028-04-04
jack6065@mail.com,1226.73,Webcam;Headset;External SSD,2028-04-05
charlotte343@example.com,165.37,Graphics Card;Monitor;Webcam,2028-04-06
amelia3307@demo.com,1119.51,USB Cable;Wireless Mouse,2028-04-07
harper6861@example.com,362.47,Wireless Mouse,2028-04-08
lucas63@test.com,129.03,Gaming Monitor;Webcam;Mechanical Keyboard,2028-04-09
harper4352@test.com,280.08,External HDD,2028-04-10
logan4964@test.com,148.37,External SSD,2028-04-11
charlotte1327@mail.com,862.82,USB Hub;USB Cable;SSD,2028-04-12
sophia944@mail.com,990.15,Gaming Monitor;Headset,2028-04-13
harper255@test.com,921.21,Wireless Mouse;USB Cable,2028-04-14
noah3378@example.com,275.03,USB Cable,2028-04-15
lucas1742@demo.com,51.29,SSD,2028-04-16
oliver9343@test.com,623.8,Gaming Monitor;Monitor,2028-04-17
oliver692@example.com,158.76,Headset;Laptop;RAM,2028-04-18
jacob9301@test.com,924.12,Wireless Mouse;SSD;External HDD,2028-04-19
emma9099@example.com,1280.66,Graphics Card,2028-04-20
ava7035@example.com,162.76,External HDD;Headset;Webcam,2028-04-21
olivia6409@test.com,1322.21,Mechanical Keyboard;RAM,2028-04-22
ava6679@example.com,97.79,USB Hub,2028-04-23
amelia1094@example.com,1390.09,USB Hub,2028-04-24
sophia5109@demo.com,242.47,Gaming Monitor,2028-04-25
amelia652@mail.com,361.4,RAM;External SSD;USB Hub,2028-04-26
jack8289@mail.com,175.11,External HDD;Wireless Mouse;Laptop,2028-04-27
sophia3348@test.com,575.56,External SSD;External HDD,2028-04-28
sophia5665@test.com,540.35,Mouse Pad;USB Hub;Headset,2028-04-29
olivia8947@demo.com,1132.91,Webcam;USB Hub,2028-04-30
emma3972@mail.com,385.24,External SSD;SSD;RAM,2028-05-01
noah8959@mail.com,919.86,RAM,2028-05-02
chloe9403@demo.com,570.62,Monitor;Gaming Mouse,2028-05-03
olivia6394@mail.com,1356.35,Mouse Pad;Mechanical Keyboard,2028-05-04
mia2222@mail.com,823.5,Mechanical Keyboard;Gaming Monitor;Monitor,2028-05-05
sophia7563@test.com,1433.08,Mechanical Keyboard;Mouse Pad;USB Cable,2028-05-06
charlotte4938@mail.com,831.22,SSD,2028-05-07
liam6976@example.com,1007.89,USB Hub;External SSD,2028-05-08
evelyn6293@demo.com,1261.35,Laptop;Webcam;Mouse Pad,2028-05-09
noah1672@test.com,1082.32,Graphics Card,2028-05-10
elijah7652@demo.com,820.94,SSD;Mouse Pad;Monitor,2028-05-11
oliver4087@mail.com,1381.83,Wireless Mouse;RAM;Gaming Mouse,2028-05-12
jacob2053@demo.com,1326.03,Mouse Pad;Laptop,2028-05-13
mason1612@demo.com,722.09,SSD;RAM,2028-05-14
isabella8804@test.com,1164.46,Mechanical Keyboard;Gaming Monitor,2028-05-15
noah7567@example.com,1086.82,Graphics Card;Mechanical Keyboard;Monitor,2028-05-16
lucas4368@example.com,1030.24,Headset,2028-05-17
harper8564@demo.com,1111.76,Wireless Mouse,2028-05-18
olivia9213@example.com,487.06,Mechanical Keyboard;Laptop;USB Cable,2028-05-19
harper4709@mail.com,1126.37,USB Hub,2028-05-20
amelia2680@example.com,252.05,RAM;Webcam;Graphics Card,2028-05-21
isabella452@test.com,739.96,Wireless Mouse;Laptop,2028-05-22
olivia3636@demo.com,1167.08,Laptop;Wireless Mouse;Monitor,2028-05-23
jack6614@example.com,1262.03,Gaming Mouse,2028-05-24
mia7649@mail.com,254.46,Mechanical Keyboard;Gaming Mouse;Monitor,2028-05-25
emma1799@example.com,79.0,Graphics Card,2028-05-26
elijah9863@mail.com,918.85,Mouse Pad;Gaming Mouse;Monitor,2028-05-27